industry,job_title,page_views,time_on_site,emails_opened,past_interactions,intent
retail,analyst,4,219.9939615516391,0,1,1
tech,analyst,1,63.429735856710515,4,9,0
retail,analyst,4,185.99095483466886,4,2,1
retail,analyst,3,699.9995092107843,2,0,0
tech,manager,7,15.657611641990899,1,4,0
tech,analyst,4,597.5540670446451,3,2,0
retail,director,7,125.08576175501595,1,0,0
finance,director,5,689.3173726301662,4,7,0
retail,analyst,5,848.4553254399315,1,5,1
retail,analyst,2,333.38608041481723,3,8,1
retail,director,4,327.57185541299083,1,2,1
retail,director,3,180.85724069568525,1,8,1
tech,manager,4,541.5267794338972,1,8,1
retail,director,5,978.0090376388262,1,0,0
finance,director,5,447.60554998300796,0,2,0
tech,analyst,7,291.80811790605543,4,5,0
finance,director,2,280.02564698296686,3,7,0
finance,manager,2,568.0776675933329,4,3,1
finance,director,3,233.7447304895365,0,4,0
finance,analyst,3,488.6778027207691,0,8,0
tech,analyst,2,213.3232446922551,0,5,1
tech,director,5,19.343724862873607,0,6,0
finance,analyst,2,145.32668839268143,1,6,0
finance,manager,3,176.33411661915355,4,3,1
tech,manager,3,45.811553266088744,2,3,1
tech,director,5,32.4414205764579,3,3,0
tech,director,4,230.0154796066147,0,4,1
retail,director,8,26.69646176158608,4,4,1
retail,analyst,5,108.26736077355308,0,7,1
retail,manager,3,409.47374851759025,0,8,1
finance,manager,7,1000.8941911066488,0,1,0
retail,analyst,5,379.61681373273024,0,6,0
finance,manager,4,1472.920123803736,0,0,0
finance,director,5,359.53439954261034,3,0,0
retail,director,5,104.35468974065182,4,3,0
finance,director,4,334.47056036893866,0,9,0
retail,manager,6,363.3563965804096,0,6,0
retail,director,5,139.43414073395695,0,1,0
tech,analyst,5,5.36178557500292,0,1,0
retail,analyst,3,364.4088127617594,1,0,1
tech,manager,6,6.581701472291693,1,9,0
retail,analyst,4,299.24053845625696,2,1,0
retail,analyst,3,53.60040766972019,0,6,0
tech,manager,1,250.13928940870116,2,8,0
tech,director,5,210.30120467230267,3,5,1
retail,director,5,4.081734783821803,2,9,0
finance,director,6,135.23249917016668,4,1,0
tech,manager,3,275.70671337452103,1,9,0
finance,analyst,3,566.361964300939,1,9,0
finance,director,4,658.5018193755429,0,8,0
finance,director,3,198.40734000368053,0,6,0
tech,manager,3,391.0523047135957,3,0,0
finance,director,6,114.1386503609108,3,8,1
tech,manager,5,125.65010376538413,4,1,0
finance,analyst,3,64.87403632047864,0,3,0
retail,manager,4,247.62537158630303,0,8,0
retail,manager,2,113.31011011176864,3,3,0
tech,manager,5,26.443171524408225,3,2,0
retail,manager,4,346.56058892503216,3,0,0
retail,analyst,3,369.04699627299215,1,6,1
finance,analyst,4,133.882577112257,2,5,0
tech,director,2,23.94792414322957,2,9,1
finance,analyst,3,166.69340659610046,0,3,0
finance,analyst,5,175.19930300490654,1,5,1
finance,director,1,331.392927646462,3,5,0
finance,analyst,3,113.68334879960754,0,3,1
finance,manager,6,344.2770605317146,1,5,0
finance,manager,6,615.5211628256989,4,9,1
finance,director,5,81.3403396708057,1,7,1
tech,director,2,1157.8228495799758,0,2,0
retail,director,4,146.50803076024363,2,3,0
finance,manager,4,93.28876568163284,3,9,1
finance,analyst,6,164.20081881517265,4,0,0
finance,manager,3,29.74643529854002,1,3,0
finance,director,5,40.30154055667071,0,9,1
finance,analyst,1,160.55293750200676,0,9,0
finance,analyst,0,431.2062272851194,3,8,0
retail,manager,4,691.7137120762457,0,7,0
retail,director,4,327.9244750207502,0,3,1
finance,manager,2,33.353071175021746,3,6,0
retail,analyst,4,334.4405768890627,4,9,0
tech,manager,3,302.7092996006165,2,2,0
finance,manager,6,491.60428312415655,2,8,1
tech,director,3,523.3173803600663,1,9,0
tech,director,3,607.9478981701785,4,3,0
finance,analyst,5,160.39798266064557,1,1,0
retail,manager,4,359.0638021124151,2,9,1
tech,manager,1,93.69505317264232,3,4,1
finance,manager,4,2195.295047794873,0,1,0
tech,analyst,3,57.833134740639075,2,9,0
tech,analyst,6,3.0497790211359908,4,5,1
tech,director,4,48.33551951038634,2,9,0
tech,director,6,448.661776088741,4,0,0
retail,director,4,177.60185166908633,4,5,1
tech,manager,3,177.99068823479757,4,3,1
tech,manager,4,930.4806730996343,1,2,0
tech,director,8,756.35261296022,3,1,0
retail,manager,3,111.83900587213087,2,6,0
tech,director,4,70.35924048830692,3,8,0
tech,analyst,2,566.1156704240074,0,2,1
retail,director,2,709.399020223931,2,5,1
retail,analyst,4,234.00192020590586,3,8,1
retail,manager,4,297.80878425781884,3,1,0
tech,director,2,89.08316313374212,0,6,0
retail,manager,2,484.0378283372333,4,4,0
retail,analyst,3,300.00152465047546,2,4,0
tech,analyst,4,210.05970268643972,2,6,1
retail,analyst,6,18.597268673039473,0,8,0
tech,manager,4,742.849357170191,4,3,0
finance,manager,1,286.70554593398043,2,8,0
retail,manager,4,64.21467049976255,2,9,1
finance,manager,4,279.71545276002803,2,8,1
tech,analyst,5,339.4615556814273,4,3,1
retail,analyst,1,223.81906585934465,0,2,0
tech,director,5,379.8627138095752,2,1,0
finance,director,6,261.2905062944499,3,8,0
tech,manager,9,885.6270702354265,4,1,0
retail,analyst,0,16.557764487098407,1,5,0
retail,analyst,7,33.697314981920385,0,4,0
finance,analyst,4,57.228915150978736,3,4,0
tech,director,1,351.5204923446533,2,3,0
retail,director,1,311.19522437376145,1,5,0
finance,analyst,2,667.8507607101208,0,4,0
retail,analyst,4,396.0143243751381,4,3,0
retail,analyst,2,212.99980780348267,1,8,0
tech,director,3,1442.2517369922555,1,5,0
retail,analyst,4,92.8180021303684,3,9,0
tech,analyst,5,537.2729367063798,0,9,1
retail,manager,3,166.95113597339193,3,9,1
finance,manager,5,313.8644249935842,3,2,0
retail,director,7,389.78021277329833,2,9,0
tech,analyst,6,301.335083483156,4,5,0
tech,analyst,4,45.423885336642684,1,0,1
finance,manager,6,175.53062728314745,0,4,1
retail,director,4,247.27648434428986,4,9,0
retail,manager,1,567.2295840152703,4,5,0
finance,manager,4,175.9050135516056,0,7,0
retail,manager,1,753.0573860047425,4,8,0
retail,manager,1,174.14609221118053,2,2,0
tech,analyst,6,238.73998249089658,4,1,0
retail,analyst,2,477.31100196180086,2,3,0
retail,manager,5,262.4494149361236,1,7,0
finance,director,3,967.3027649363228,1,7,1
finance,director,7,323.93936589349346,3,2,1
tech,director,3,221.88895876715907,2,3,0
retail,director,3,7.162414240751044,1,2,0
retail,manager,3,160.19393612288795,4,9,0
retail,analyst,6,106.68054994707691,0,1,0
tech,director,4,413.6236789267567,0,3,0
tech,manager,2,70.06336457507562,2,5,0
finance,director,5,68.90701260555238,3,4,1
tech,director,7,63.03823012456114,4,2,0
retail,manager,1,40.27055943910945,2,1,0
retail,analyst,2,111.75725189989785,0,8,0
tech,analyst,6,651.2621571691282,2,0,0
retail,manager,4,447.40110793052014,4,8,0
retail,analyst,2,398.6921666046764,1,0,1
tech,manager,2,478.86294569163505,4,6,1
tech,manager,3,94.17409521790128,1,5,0
retail,manager,5,655.2851661566023,1,6,0
retail,analyst,5,44.30765556231425,1,2,1
retail,manager,2,122.99818136018025,2,2,0
finance,director,7,265.10939714645997,0,0,1
finance,analyst,4,32.57808372681913,2,3,0
finance,analyst,6,392.9446839654513,0,1,0
tech,analyst,1,146.9375421943131,4,9,0
finance,analyst,5,460.30701558740196,3,7,0
tech,director,6,203.7119194168849,4,2,1
tech,analyst,5,59.85540031020363,2,6,0
finance,analyst,4,398.1381094869339,2,6,0
finance,manager,5,87.16343215785278,0,8,0
finance,analyst,2,202.4803928406337,2,5,1
retail,director,3,23.561464473161905,1,0,0
finance,director,4,288.59569772018864,2,7,1
retail,director,3,328.8565581005403,0,0,0
tech,director,3,142.76991389776305,0,2,0
retail,analyst,4,926.5041767196867,1,4,0
finance,analyst,3,621.8444754553533,0,7,0
tech,director,3,369.23974614789864,3,8,0
tech,director,3,375.16430543320735,4,6,0
tech,analyst,1,87.2668492000415,2,8,0
retail,director,1,320.8458875944447,3,2,0
finance,manager,9,66.27116783017274,2,4,0
tech,director,5,46.64660073268853,3,9,0
tech,director,1,2261.600466319099,2,7,1
tech,manager,2,292.15683178205245,1,0,0
retail,manager,2,169.15605949527944,0,7,1
retail,analyst,5,101.9725397212529,0,6,0
finance,analyst,6,277.84205641874024,1,0,0
retail,manager,5,15.259649946172843,3,9,0
tech,manager,3,29.840370214435577,4,9,0
finance,analyst,3,10.022580567706322,3,5,0
tech,director,4,207.44646717453156,0,0,0
tech,manager,2,275.34253680087653,4,1,0
retail,analyst,6,19.355080045678534,2,4,0
finance,director,6,383.2045091958184,4,1,1
retail,manager,2,78.56339270819362,3,9,1
retail,director,3,346.7467141572285,1,0,0
finance,analyst,5,1203.5056032270088,2,5,0
tech,manager,4,352.4270046978175,3,7,1
tech,director,5,644.1698195889052,2,7,1
finance,manager,1,888.1008908334866,4,7,0
tech,director,6,200.0982796984613,0,5,0
finance,analyst,2,363.52587675243404,3,2,1
finance,analyst,5,573.1005841649917,1,0,1
retail,manager,6,132.30075511395944,4,1,0
finance,director,1,90.89854302810694,3,4,0
retail,manager,4,878.9753419127235,1,9,1
tech,manager,5,388.72063562657877,3,4,1
tech,director,6,74.41617629991424,4,9,1
tech,director,4,178.8515487459004,3,0,1
tech,director,2,477.55568923573855,2,0,0
retail,analyst,8,237.60066479037988,4,8,1
tech,manager,6,314.9055814440915,3,1,0
finance,manager,3,420.4445755788458,0,6,1
finance,analyst,5,291.8656178029457,3,9,0
finance,director,4,233.01037299887957,2,3,1
retail,analyst,1,415.42580629813347,1,6,0
tech,analyst,3,390.10440429750986,1,7,0
tech,analyst,4,298.17224052783865,1,4,0
tech,manager,2,133.78743454799903,0,0,0
retail,analyst,4,156.16789996447014,2,3,1
finance,manager,4,1056.3852280747776,4,9,1
finance,manager,5,35.76547166879669,1,2,0
tech,manager,3,93.79943420841079,2,9,0
finance,director,2,203.41950266324756,3,4,1
finance,manager,4,543.70442535956,0,9,1
retail,manager,4,53.62163372684126,2,9,1
retail,director,2,97.28498698428731,2,5,1
retail,manager,6,20.418846954694494,4,1,1
retail,analyst,5,367.2376192277362,2,6,0
tech,analyst,4,81.62508323373793,4,2,1
retail,manager,4,147.63784154500405,0,0,0
finance,director,6,175.93504892163295,0,9,1
tech,analyst,4,665.7875086574712,3,2,1
finance,director,4,158.96700515609024,4,8,0
finance,director,3,47.07510776131467,4,9,0
finance,analyst,1,222.89978366885413,1,5,0
retail,director,5,988.7108191541689,1,5,0
retail,analyst,5,280.7075473427248,3,3,0
tech,director,7,1229.2749084092334,0,7,1
tech,analyst,4,551.8578610786057,1,4,0
retail,manager,3,10.988538720692961,2,6,0
finance,analyst,1,322.23408977249596,0,8,1
tech,analyst,5,101.38408561821875,2,4,1
retail,analyst,8,246.03304450663288,4,4,0
retail,analyst,3,98.27850697126699,0,3,1
retail,director,0,128.71398112448978,3,5,0
finance,manager,1,769.8429968276525,4,1,0
retail,analyst,2,69.44466076402881,4,2,0
retail,director,6,621.7019289951727,2,0,0
retail,manager,3,9.279385793764524,4,1,0
retail,manager,5,28.582311795606543,1,1,1
tech,manager,3,578.6348850495597,0,7,1
tech,manager,3,298.72685697022075,1,7,0
retail,analyst,5,412.58987341012016,2,1,0
finance,analyst,2,70.49564385681377,2,5,0
tech,director,4,231.06254723924266,0,4,1
retail,director,3,400.9305432302626,4,2,1
tech,director,8,296.10582136677556,3,4,0
tech,manager,3,191.42659221224184,2,4,0
finance,manager,7,964.045512667467,0,4,0
retail,analyst,2,338.24924346263595,3,2,0
retail,manager,8,714.9785012402675,4,2,0
finance,manager,8,392.5451171574799,2,3,0
finance,manager,4,398.932844726993,0,6,0
retail,director,5,25.020440270547745,0,1,0
retail,director,3,133.6352771910129,0,9,0
finance,analyst,6,586.359920045752,2,3,0
tech,manager,4,79.42564018599842,3,3,1
tech,manager,2,36.82181927299968,0,0,1
finance,analyst,5,118.40476035443137,4,9,1
tech,manager,5,74.70687234759947,0,7,1
finance,manager,5,778.2351493296129,3,0,0
tech,director,3,607.4102028651073,2,7,0
tech,analyst,4,207.75415251814186,0,6,1
retail,analyst,2,18.99182410627897,0,8,0
retail,analyst,4,376.1194946522296,4,7,0
tech,analyst,6,292.98084416945767,4,4,0
tech,director,4,1057.565994015996,0,7,0
retail,director,3,245.58131340697867,0,9,0
retail,manager,3,123.01987869188473,4,2,0
retail,manager,4,219.57993326651243,3,9,1
finance,manager,9,1162.7549361480678,1,6,0
tech,manager,5,357.5761503318135,1,3,1
retail,director,3,334.40067690652717,0,4,0
tech,analyst,7,82.60022300394317,4,8,1
finance,director,7,408.3079118588975,2,6,0
finance,manager,6,416.2146811697756,2,3,0
retail,director,3,114.50508552869401,1,5,0
finance,analyst,3,198.32822365133714,3,9,0
tech,analyst,7,104.6984958257015,1,6,0
retail,director,5,89.80701513498364,0,9,0
tech,director,6,7.871183092831417,3,8,0
tech,director,4,100.73067795492639,2,3,0
finance,manager,5,242.21068568317722,4,9,1
finance,director,1,0.48074124595005063,4,2,1
finance,director,0,99.89551238826864,0,7,0
finance,director,9,639.6257745889957,1,0,0
finance,analyst,6,270.16108195002954,0,8,1
retail,analyst,6,280.8430685510903,4,0,0
tech,manager,4,154.9345734084307,2,1,0
tech,manager,3,338.541017696312,4,7,0
tech,analyst,6,63.1914090319412,3,8,0
tech,analyst,2,512.3581162565615,4,6,0
finance,analyst,2,37.22342033652006,4,2,0
tech,director,9,320.1352678684733,3,6,0
retail,director,5,125.17750941693096,1,5,0
retail,analyst,4,412.91862006888266,4,1,1
tech,director,3,239.39538409214265,0,2,0
tech,director,8,180.63732913215887,4,9,0
retail,manager,2,55.69017573777216,0,9,0
retail,analyst,5,303.8582195101638,3,4,0
finance,analyst,4,1103.9145930782865,4,9,0
retail,director,3,523.9270217785162,3,3,0
finance,analyst,5,18.565235782887946,3,1,0
finance,manager,2,141.59177151579647,1,3,0
finance,manager,2,779.4212976351911,4,7,0
finance,manager,3,209.77598400400396,0,4,0
finance,analyst,8,325.5120851480767,0,4,1
tech,analyst,2,731.1757526507951,4,9,0
retail,analyst,5,620.9535771052296,1,2,0
finance,analyst,3,209.03837259161148,1,7,0
retail,analyst,4,172.68728170418598,1,5,0
retail,manager,4,124.5149468410922,0,1,1
finance,director,5,380.8409414378467,3,1,0
tech,manager,1,101.47660340222028,1,8,0
finance,analyst,2,86.259667676175,0,6,0
tech,manager,2,132.13339898457636,0,9,0
retail,analyst,1,58.51812627953264,3,8,0
tech,analyst,3,356.3509256168085,4,5,0
tech,manager,6,287.3218841437231,4,4,0
tech,analyst,2,197.84324651566953,1,0,1
retail,director,5,148.4491586523459,1,5,0
retail,analyst,6,719.2749879999214,3,5,0
tech,director,5,8.866890235035449,1,2,1
tech,director,7,439.74122981354725,3,2,1
finance,analyst,6,696.5596465546934,0,2,0
tech,manager,1,177.36924966504185,1,2,0
finance,director,4,240.012990043358,0,6,1
tech,manager,4,867.2154599330719,2,9,0
finance,director,2,71.58282837339699,3,1,0
retail,analyst,5,220.27504423019872,2,9,1
tech,analyst,7,193.14779129928888,1,9,0
tech,director,5,89.68060527141849,0,1,0
tech,analyst,3,512.1040269648979,1,2,0
tech,director,3,689.5796987036,2,9,0
finance,analyst,5,456.88529909390166,1,6,1
tech,manager,4,65.20770453314401,4,2,0
retail,analyst,4,27.223235758484297,2,6,1
retail,manager,5,278.9986280811331,1,8,0
tech,analyst,0,17.636846923066123,0,9,0
retail,manager,2,335.17883966815623,1,3,0
tech,analyst,3,226.77767649132525,0,6,1
tech,manager,3,326.1110228363005,4,8,1
retail,director,7,267.60441814491816,1,7,0
tech,director,5,164.81930035929216,4,7,0
retail,manager,6,67.27218841745311,2,8,0
finance,analyst,5,109.45626343037864,0,4,1
tech,manager,4,223.01688138249224,2,4,0
finance,analyst,1,316.5521489349406,0,2,0
retail,director,3,453.5341698388057,4,4,0
finance,analyst,4,437.2349373529474,3,7,0
finance,director,5,1080.1368981057178,1,4,0
retail,analyst,5,100.99508417966236,4,3,0
finance,analyst,6,22.129714949456332,0,7,1
finance,analyst,7,127.23705050056998,0,6,0
retail,manager,5,407.94770070922453,0,5,0
finance,manager,3,172.93563484333274,0,4,0
retail,director,3,510.77603932820665,1,4,0
finance,director,4,239.1035547904558,2,9,1
retail,manager,6,796.8867190964882,3,1,0
retail,director,5,886.166666164236,1,3,0
finance,manager,7,21.546938801842476,0,7,0
finance,analyst,3,182.86989616307082,1,7,0
finance,director,6,282.24347360074006,4,0,0
tech,director,1,88.66288281280721,0,1,0
tech,manager,4,156.80710936629814,3,4,0
tech,director,6,339.6645658315961,0,8,1
retail,director,5,77.13974075243277,3,9,0
finance,analyst,3,276.37692689166835,3,6,0
retail,director,2,358.6504642511883,2,9,1
tech,analyst,5,28.456867518847552,2,4,0
finance,manager,6,206.4653943311732,1,0,0
retail,director,2,91.58279443798162,1,5,0
finance,analyst,7,386.6265703589226,3,7,0
retail,manager,10,63.05172808016783,0,6,0
finance,director,8,668.3488210525013,4,1,0
tech,manager,5,169.13152527161,4,4,1
tech,director,0,66.19513486833206,0,3,0
finance,manager,2,172.88766401461749,0,8,0
retail,manager,2,157.65173702117522,2,9,0
tech,analyst,6,168.06724561960561,4,0,0
tech,manager,4,264.2490566029028,3,5,0
tech,director,3,220.9252289544453,1,2,0
finance,director,3,48.67702975296049,2,8,0
finance,analyst,7,20.348481177220076,4,4,1
retail,director,1,392.15119665384117,0,5,0
retail,director,5,246.10157013427875,4,8,1
retail,director,1,133.4181060941299,3,8,1
finance,manager,4,495.63759137138675,2,7,0
finance,manager,2,147.33556416380162,0,8,1
retail,director,7,476.83925111103025,3,3,1
retail,analyst,4,109.47959367699083,1,5,0
finance,manager,6,22.690452682660723,2,4,1
retail,analyst,6,809.3098089998637,3,4,0
tech,director,5,150.53554829308482,3,3,0
finance,director,5,472.065729645659,0,1,1
retail,manager,5,98.19482071895068,1,5,0
finance,director,7,311.8470864831107,3,8,0
tech,manager,4,619.8057042786455,2,0,0
finance,director,8,12.760795750597163,3,6,1
finance,director,2,532.7110934130367,4,5,1
finance,manager,7,254.12246905397643,2,2,0
finance,manager,0,280.54403393545323,2,0,1
tech,manager,2,222.1710244657139,3,3,0
finance,director,0,622.575347962509,0,8,0
finance,director,4,13.32144568935149,2,1,0
retail,analyst,0,90.74873328890072,4,2,1
finance,manager,4,625.668160640781,0,1,0
retail,director,5,418.7164401324501,0,1,0
tech,director,6,5.340807564917106,0,9,1
tech,manager,9,218.32549023897943,2,7,1
tech,analyst,5,226.23414221035637,0,2,0
tech,manager,5,153.68907924622818,3,6,0
retail,analyst,3,105.88741464590456,0,7,1
finance,director,1,343.4517060118622,4,2,1
tech,analyst,5,69.8788072176218,1,1,0
finance,director,6,481.25834807143457,4,7,1
retail,manager,3,487.42206041252234,2,2,1
retail,manager,5,160.97713004236448,0,6,1
retail,manager,6,100.03321245273543,0,0,1
tech,analyst,3,100.17149671502604,3,5,0
finance,director,5,197.50277894004108,0,8,0
finance,manager,6,381.4392105262773,4,2,0
finance,manager,2,133.35629783904693,2,6,0
retail,director,3,282.51590647036795,1,5,1
tech,manager,3,144.6153137244627,0,7,1
retail,director,3,108.94728296192889,1,2,0
retail,director,1,7.552119637051217,0,2,0
finance,director,4,1.1765357683294075,2,3,0
retail,director,4,77.32347936480107,4,2,0
finance,director,4,156.46805344712354,2,8,0
tech,analyst,4,571.6689936232711,1,3,0
finance,manager,6,480.56631053889635,0,5,0
tech,analyst,3,93.25051892164218,1,7,0
finance,manager,3,84.128709035266,4,7,0
retail,analyst,4,77.367890405965,2,4,1
retail,director,6,124.30816993088268,1,4,0
tech,manager,4,206.8653280087582,1,5,0
tech,manager,11,173.23270260819135,4,9,0
tech,analyst,3,73.87498755976094,0,6,0
finance,analyst,6,41.93431919794092,1,9,1
finance,manager,7,3.797274829775308,4,6,0
tech,analyst,2,50.157740162128,0,3,1
retail,analyst,6,366.59660623817257,0,5,0
finance,analyst,3,83.77078025147948,2,6,0
finance,director,2,189.67309559639617,4,4,0
finance,director,6,268.4330098743372,0,4,1
tech,analyst,9,653.688153283212,2,1,0
tech,analyst,3,659.0761527331271,3,6,1
tech,director,4,410.8119805336536,4,5,0
tech,director,7,10.736963081576087,3,0,0
tech,manager,6,256.74954472554975,0,3,1
retail,manager,2,463.35284605255134,4,2,1
retail,director,7,5.231768395336048,2,2,0
tech,analyst,3,239.3421249490462,0,6,0
finance,analyst,3,585.0805962168075,4,9,0
tech,analyst,1,192.7944436839716,4,3,0
retail,analyst,4,1.2343969493903821,3,7,1
retail,manager,6,3.3223363086838615,0,8,0
finance,director,5,161.68319844612995,2,2,0
retail,analyst,3,50.52867269265121,2,4,1
tech,manager,6,327.595878191152,0,3,1
finance,analyst,3,370.12273149061724,0,9,0
tech,director,3,58.760598115298514,1,5,1
tech,manager,3,658.2087853339569,3,9,0
finance,director,2,174.9693533608382,0,3,0
tech,director,7,46.24127163112277,0,7,1
retail,manager,3,433.49704084584596,1,2,0
tech,manager,7,468.1578981434859,1,4,0
finance,manager,3,305.9088418883607,4,0,0
finance,manager,5,576.1484239322879,2,5,1
finance,manager,1,401.10611937793465,3,4,0
tech,manager,5,641.6447136198168,4,7,0
finance,manager,3,170.68902784271427,0,8,0
finance,analyst,2,413.0186310029799,1,7,0
tech,director,3,2490.0968978016786,2,7,0
retail,manager,9,387.22020653109774,4,2,1
tech,analyst,3,36.373733039161245,2,3,0
finance,analyst,3,219.14179005201686,1,3,0
finance,analyst,1,265.5450451025455,4,4,0
tech,director,3,57.424677767686546,4,8,0
retail,manager,6,988.1738522805692,2,8,1
finance,analyst,2,57.92247014063693,1,9,0
finance,director,5,58.64316537791215,0,0,0
finance,director,5,740.1216862101905,4,7,0
tech,director,3,187.7617778914146,0,0,0
finance,analyst,5,19.581886598349694,1,1,0
retail,manager,5,273.5309150781739,4,6,1
finance,analyst,3,276.26011766579984,4,7,0
finance,analyst,3,20.002483279233562,0,0,1
retail,manager,7,1078.316289634587,3,2,0
finance,manager,3,235.59845549767982,0,6,0
tech,manager,3,246.15491761065138,0,8,0
tech,director,4,220.2628952616524,3,7,1
tech,manager,2,283.0459981459532,1,7,0
retail,analyst,3,92.07975480053304,1,8,0
finance,manager,2,101.58372369873034,4,9,0
tech,analyst,5,214.82593956316492,2,2,1
retail,director,4,493.031615343721,2,7,0
finance,analyst,3,15.34522604646844,4,0,0
retail,analyst,7,277.45130513414784,2,7,1
tech,manager,4,493.1748688732802,0,6,1
tech,manager,3,51.2070571824203,0,7,0
tech,analyst,5,4.540956999413365,3,0,0
retail,manager,1,112.50112351698017,3,5,0
retail,director,5,266.1242379660538,4,6,0
tech,director,7,44.64857091567949,4,4,1
retail,manager,2,166.60172857148768,4,4,0
tech,director,4,241.1039796759045,0,6,1
tech,manager,2,274.0507079677189,2,2,0
finance,analyst,3,96.23176015209346,4,5,0
retail,analyst,7,153.26250548890982,4,6,0
tech,director,1,451.98213739360926,0,0,1
tech,manager,3,850.1590065958273,0,1,0
retail,manager,2,593.8904411358754,0,3,0
finance,director,2,249.22904413801234,2,7,0
finance,analyst,2,158.43874243329955,4,9,1
tech,director,1,121.47005677859842,1,5,1
retail,analyst,1,40.044526528608884,1,0,0
finance,manager,3,33.79989048407203,4,9,0
retail,analyst,7,349.7696946895638,4,4,1
retail,director,5,90.2481946148154,4,6,1
tech,manager,2,88.17511545272774,4,5,0
finance,director,6,1895.1674607754426,2,8,0
tech,director,2,62.44912742791787,1,7,0
finance,analyst,4,48.07166845736057,3,3,0
finance,director,2,31.170217088500593,1,4,1
finance,analyst,3,260.11116335470746,1,6,0
finance,manager,2,296.548629767446,0,7,0
finance,analyst,2,136.34678505320352,4,4,0
retail,manager,7,229.9821486803977,4,8,1
tech,analyst,4,465.9166086881961,4,9,0
retail,director,2,511.2963327534851,0,3,0
finance,analyst,3,950.3983240618439,2,3,0
tech,analyst,5,521.638527491551,2,7,0
finance,manager,3,249.6134403057034,3,0,0
tech,director,2,59.409807556783505,2,7,1
retail,analyst,4,31.52935094925285,2,4,0
tech,director,0,16.816189867610742,4,0,0
tech,analyst,2,329.45696197626467,1,3,0
tech,analyst,5,494.354244816686,2,1,0
tech,director,2,213.20030199083462,2,3,0
tech,analyst,3,16.880381018053644,0,7,0
finance,director,3,230.0191122507622,3,4,0
tech,analyst,10,823.4886184474632,0,0,0
tech,manager,3,273.1024324143517,4,6,1
retail,director,4,497.31675565475115,1,0,0
tech,analyst,8,483.0604337430864,3,8,0
retail,analyst,5,807.0443713431633,0,2,0
finance,manager,3,441.20132948854854,2,2,1
tech,director,4,413.1415381938944,2,5,0
retail,analyst,5,80.01214368024978,3,9,1
retail,manager,5,18.538735466670314,2,5,0
finance,analyst,3,218.6941573929526,0,5,1
tech,director,9,39.86549463102147,0,0,0
tech,analyst,3,982.6011267395968,2,4,0
retail,analyst,4,102.71530393155176,2,5,0
tech,analyst,5,575.0829586221262,4,7,0
retail,analyst,6,147.12294809529823,1,0,1
tech,manager,5,117.11129239578003,3,4,0
retail,manager,6,820.7431694169588,0,2,1
tech,director,4,135.44764328101374,3,1,0
finance,manager,6,148.43052439441365,4,7,0
tech,manager,1,33.645651251432476,0,6,0
tech,director,6,333.0051217594341,4,9,0
finance,manager,4,102.2571047999138,4,6,1
tech,manager,11,264.2800936845628,2,4,0
finance,director,8,268.4701214959144,3,8,0
tech,director,4,381.033456831123,3,4,1
retail,director,1,410.2317561341016,2,1,0
retail,analyst,2,216.74340709599662,3,2,0
tech,analyst,4,120.58775473772586,2,3,0
tech,director,5,545.032541168646,0,4,0
tech,director,3,111.26069680270884,4,2,0
retail,director,2,212.48378534042024,4,6,0
tech,analyst,4,153.87463337821447,3,4,0
retail,analyst,3,579.4686826886954,1,4,1
finance,manager,2,169.64713183948575,4,5,0
retail,manager,4,146.37657276683115,2,6,1
retail,director,3,351.18432317452897,1,9,0
finance,analyst,5,276.7236613707304,1,9,0
retail,analyst,5,34.03354368107636,4,7,0
tech,analyst,3,212.88591710640807,4,8,0
tech,director,6,398.94969701906894,4,3,0
retail,manager,1,1451.3109765297713,2,4,1
tech,director,6,297.58472208347376,1,4,1
retail,manager,4,138.7502257968227,3,7,0
tech,manager,1,76.9137869861856,2,8,0
tech,director,5,618.6697038640278,0,6,0
retail,manager,3,505.51560195712216,4,4,0
tech,manager,1,79.94170744632721,1,2,0
retail,analyst,3,67.18019289029006,2,0,1
tech,manager,3,376.72383976409924,0,8,0
tech,director,0,113.47993817046856,2,4,1
finance,director,1,109.75743631555409,2,8,0
finance,manager,7,49.56509227928186,3,9,0
retail,analyst,0,91.9475698627759,3,3,0
finance,analyst,3,167.32672340282178,2,4,0
retail,manager,5,395.9703976288498,0,3,0
finance,manager,1,122.98117043909215,1,1,0
tech,director,1,119.51899733616304,1,0,1
retail,manager,4,100.60542556378077,4,7,1
retail,analyst,8,195.18937894760478,4,3,0
tech,manager,7,59.768310368934166,1,4,1
retail,director,4,199.44415655535175,2,5,0
retail,director,3,365.3967287582911,2,7,1
finance,director,5,9.072976673969663,3,7,0
retail,director,5,2.9482537513409213,3,6,0
tech,director,2,23.428327842360424,4,3,0
finance,manager,3,230.14151082271093,1,5,0
finance,manager,6,578.1811600143442,2,3,0
tech,manager,7,1.4689302035419582,1,6,0
tech,manager,4,827.7776503863563,0,0,0
finance,director,2,33.708325962213415,1,4,0
retail,analyst,7,553.5167995779237,0,9,0
finance,manager,3,197.8294575386792,3,9,0
tech,analyst,4,323.0764223490328,3,3,0
finance,manager,6,214.4234117984145,4,6,0
tech,manager,3,194.47980837739172,1,8,1
finance,analyst,1,540.3601397106645,1,4,0
retail,director,3,423.0364513694394,0,3,0
finance,manager,4,198.14721829277732,3,8,0
finance,manager,3,35.512089178144315,0,4,0
tech,manager,3,36.78691767708793,3,8,0
tech,analyst,4,485.1494979515054,0,7,0
tech,director,2,226.1180621247584,3,3,0
finance,analyst,2,197.09615565377135,0,6,1
retail,analyst,3,342.36216995640825,3,4,0
tech,director,3,587.361749219298,0,9,1
tech,analyst,5,297.36340380417795,1,3,0
finance,director,2,431.71607443115795,4,4,0
tech,manager,4,434.7964783182479,0,4,0
retail,director,3,132.13878350852693,4,8,0
retail,manager,4,96.09595958118712,1,8,0
tech,analyst,5,484.58257574304724,1,5,0
tech,analyst,6,142.04873597708175,3,3,0
finance,manager,1,700.9542896205762,4,1,1
retail,analyst,3,21.671449190257892,2,2,1
retail,director,1,17.99428068207255,3,1,0
tech,manager,1,785.2058481444392,4,4,1
finance,analyst,2,313.6251927143302,0,5,0
retail,manager,3,143.21694310889026,0,4,0
retail,director,5,422.0231069797354,1,1,0
finance,director,4,334.7215617714914,2,4,0
finance,analyst,1,227.2743821096345,0,8,0
retail,director,5,31.232837121637928,4,3,1
retail,manager,2,501.6807072758734,4,9,0
finance,director,2,603.0265676368334,0,1,0
retail,manager,7,56.68376264661908,4,2,1
tech,manager,2,570.1610486504337,4,2,0
tech,director,4,630.7450403216934,1,8,0
finance,analyst,8,239.1716253597577,2,3,0
finance,director,2,320.29026336831635,1,0,0
finance,manager,3,144.4952724734222,2,0,0
tech,manager,1,99.29867025054442,4,6,0
retail,director,0,384.02206339586104,2,6,0
tech,analyst,3,593.8791856674545,4,1,1
retail,analyst,7,318.4622011615412,4,8,1
tech,manager,6,214.98039366298946,1,8,0
retail,manager,1,51.92224986768976,1,4,0
tech,analyst,6,16.482206447622875,3,2,0
finance,director,8,177.01032349118364,0,2,1
tech,manager,3,15.18265766243839,3,2,0
retail,manager,2,252.72716957301003,3,5,0
tech,analyst,5,144.73423182171481,2,3,1
tech,director,5,424.64172268419355,4,7,1
tech,analyst,3,109.43308739663269,4,4,0
finance,director,1,269.66987720318355,4,0,0
tech,director,2,231.45168137157813,0,8,0
finance,director,5,1.417069201805718,2,0,0
finance,manager,6,22.542973336662364,2,5,0
tech,analyst,4,102.90271578187381,4,0,0
tech,analyst,2,641.7194560952524,3,2,0
tech,director,4,47.70397912974312,0,9,0
retail,manager,8,372.28890574630475,3,4,0
tech,manager,3,1087.6763822635219,1,9,0
finance,analyst,5,469.0062116491129,2,6,0
tech,manager,4,83.49595521642188,2,9,1
retail,manager,7,716.9834478204142,3,7,0
tech,director,2,29.31929392101482,0,8,0
retail,manager,5,189.4135899803357,2,5,0
retail,director,6,655.5523919584767,3,8,0
tech,analyst,0,307.55199052091706,0,7,0
finance,manager,4,160.1487385337446,3,8,1
retail,analyst,3,103.93798852196835,0,9,0
tech,analyst,6,141.04880712139527,4,3,1
tech,manager,9,213.35777578027236,0,8,0
finance,manager,1,115.27724484087993,1,6,0
retail,analyst,3,1041.8195713452028,4,4,1
retail,manager,3,811.2666998218388,3,4,0
tech,director,3,613.6198062253789,4,0,0
tech,director,2,164.3661154282933,4,1,0
finance,manager,10,352.6173237177168,3,9,0
finance,analyst,5,699.3858377086582,3,2,1
retail,manager,3,569.9962029071345,1,7,1
retail,manager,7,160.49810687188167,3,5,1
tech,analyst,7,35.76551122340049,2,9,0
retail,analyst,9,23.592974458403557,2,4,0
finance,director,7,258.1603555656122,1,0,0
finance,analyst,8,308.69335248761547,0,8,1
tech,director,4,568.8213696997906,0,2,0
finance,analyst,2,103.81166395623269,2,2,0
finance,manager,4,54.98598329070747,3,1,1
finance,director,3,142.93007708831524,1,3,0
finance,director,4,130.88948641079625,0,1,0
tech,director,3,42.631193977746534,0,8,1
tech,manager,4,334.6811362742987,4,9,0
retail,manager,6,213.20518079152387,2,6,0
finance,manager,0,383.095074017243,3,7,0
retail,manager,3,130.4795085791672,1,2,0
tech,manager,4,118.22503291790323,0,5,1
tech,director,5,191.92506636337998,4,9,0
tech,manager,5,629.6664512325883,2,5,0
tech,director,7,12.334519592759987,2,0,0
tech,manager,2,490.1696221598976,1,5,1
tech,analyst,2,138.12893560391487,0,2,0
tech,director,5,578.5192721428652,1,2,0
finance,analyst,2,486.1542214245205,1,2,0
retail,director,3,128.66368696126105,4,9,0
tech,analyst,8,355.13003371936,2,9,0
finance,manager,2,52.174886510710294,3,7,0
finance,manager,3,679.8225850097058,2,4,0
retail,manager,9,155.5016655542454,2,3,0
tech,director,2,182.43541852933086,4,8,1
retail,analyst,4,367.00688789961913,3,8,0
tech,manager,3,515.8432016509275,0,0,0
finance,analyst,6,80.8908622188102,3,1,0
finance,analyst,3,324.8365699092783,0,7,1
finance,manager,7,149.27315392006824,3,4,1
finance,manager,3,137.9936176013694,1,6,0
retail,analyst,3,351.3798864021617,3,0,1
tech,manager,5,146.9068100388818,4,9,0
tech,manager,2,127.44415310409693,0,4,0
retail,manager,2,542.1625932889406,2,2,0
tech,director,3,32.03383116565499,4,9,1
finance,analyst,7,338.00412212293213,0,1,0
tech,analyst,2,85.79521199382772,0,1,1
finance,director,6,4.685878514998847,2,8,0
retail,analyst,2,54.73160589017338,1,3,0
tech,manager,2,279.9254371151863,4,3,0
retail,analyst,3,370.46075745116303,2,6,1
tech,manager,6,6.384798370115497,2,9,0
finance,director,6,11.1316239038191,1,9,0
retail,manager,5,698.5004824204714,4,1,0
tech,analyst,4,22.83950061700405,2,2,1
finance,analyst,5,673.8108421983629,1,2,0
retail,analyst,8,77.69569987195045,4,5,0
retail,director,2,404.1426337371665,3,2,0
tech,director,2,111.20314811078698,0,4,1
tech,analyst,2,587.1714748963218,1,3,1
tech,manager,2,361.647051908692,0,2,1
finance,director,5,154.1557894613114,3,7,0
tech,analyst,2,23.811177684685248,2,9,0
retail,analyst,3,395.81530311579223,2,2,1
retail,director,4,287.8258310397183,4,5,0
tech,director,5,0.8747895392353281,1,6,0
tech,director,3,2.839351025579932,1,6,0
retail,manager,6,496.3195583867712,4,1,1
finance,manager,7,90.08827734545388,0,2,0
tech,analyst,1,303.29060934598925,2,9,0
tech,director,2,181.6587271682504,2,9,1
retail,manager,4,597.2754244871561,1,3,0
tech,director,5,746.5338792203391,1,6,0
finance,analyst,6,1724.105277166546,4,1,1
retail,manager,3,50.05878813845008,3,2,1
tech,manager,3,596.2535859295012,0,6,1
retail,manager,4,92.78261232013314,3,6,0
tech,analyst,6,268.0770121836054,3,9,0
tech,director,2,211.4280051077561,1,2,1
tech,manager,4,5.445565417662196,1,0,0
finance,analyst,5,809.896422121523,1,2,1
finance,director,3,24.469452583203516,3,4,1
retail,analyst,4,349.6362006668922,0,6,0
tech,director,6,461.14471430324573,1,3,1
tech,analyst,6,475.8451284811446,2,0,1
finance,director,5,43.679290114683305,0,5,0
tech,manager,4,178.02853825795566,2,1,0
finance,director,6,530.5808661148411,0,2,0
tech,analyst,4,108.15291922262108,1,3,0
retail,analyst,0,189.19184594517333,4,5,0
tech,director,3,95.5636013329753,1,5,0
tech,manager,2,186.8353682976911,3,6,1
finance,manager,4,656.3431002147803,3,4,1
tech,director,4,182.15923714555288,0,6,0
tech,director,1,243.5197729315317,3,1,0
finance,analyst,4,155.2424458778642,1,0,0
retail,manager,4,184.92095067152866,2,9,1
retail,director,7,4.587151582186305,1,7,0
finance,manager,4,100.11592264701582,0,0,0
finance,director,7,172.11989438800668,3,1,1
finance,director,3,301.37021669200027,2,9,0
finance,manager,1,179.37942732068626,4,5,1
finance,director,5,123.6640174869855,2,0,1
retail,director,8,147.35530252408648,2,9,1
retail,analyst,6,83.23768382161144,1,2,0
finance,director,2,775.0640702241474,4,6,0
tech,director,1,221.28225185544267,0,7,1
finance,director,2,4.050051750903676,0,3,0
tech,analyst,2,5.891347339454971,2,2,0
finance,manager,4,1083.1495481514385,2,0,0
finance,analyst,2,75.09696258298115,3,8,0
retail,analyst,1,491.36400773956154,4,9,0
tech,manager,4,18.012689792163982,2,5,0
tech,analyst,3,762.1108527918128,3,5,0
retail,manager,3,622.4365240873327,4,8,0
retail,analyst,7,253.95466364675548,0,0,0
retail,manager,3,2.7118169226372726,3,5,0
retail,director,4,89.44535445956035,4,4,0
tech,analyst,4,156.67855433978116,3,5,0
tech,analyst,2,184.89146435731456,2,7,0
finance,analyst,2,106.00931122254931,1,4,0
finance,analyst,4,10.050862251221192,0,1,0
retail,director,7,267.5726741213024,2,1,0
retail,analyst,3,222.79872290533223,2,9,0
retail,director,6,99.80409738477982,4,4,0
finance,director,4,11.614754067627956,3,2,1
finance,director,4,1566.0841391930917,0,9,0
finance,director,4,197.32601121597156,2,2,1
finance,manager,5,423.18133144800976,4,7,0
finance,manager,4,180.61596388706053,0,6,1
finance,analyst,2,13.238953724497847,3,0,0
finance,manager,3,111.14556552657936,2,4,0
retail,manager,5,115.7473397995135,2,8,0
retail,analyst,6,546.7019220041772,2,3,0
retail,analyst,3,318.5944203659556,0,0,0
retail,analyst,3,96.6530311623675,0,7,0
finance,manager,3,1030.1777402406171,0,4,0
tech,manager,3,116.37973675261937,0,1,0
finance,analyst,3,1901.7158407370337,4,0,1
tech,director,2,1668.9735414788258,1,2,0
retail,analyst,3,63.66498464950205,4,8,1
finance,director,5,112.51326762358903,2,0,0
retail,director,2,199.6854019482049,4,3,0
finance,analyst,4,327.2831341273523,3,7,0
retail,analyst,4,225.26304780007104,0,7,0
tech,analyst,3,1046.4334168616695,3,9,0
tech,manager,5,386.1945462060092,3,7,0
tech,director,4,71.4942318613895,2,9,0
finance,manager,3,33.31216838992208,0,7,1
tech,manager,8,349.8117321580797,3,3,0
finance,analyst,6,51.753824712228926,2,7,1
tech,manager,3,464.8937480685455,0,8,1
tech,analyst,4,111.770168240784,1,6,1
finance,director,5,118.75540895525704,2,1,0
finance,analyst,4,3.2571354521868785,4,8,0
tech,manager,8,362.20481666807,0,7,0
finance,manager,4,36.06433841262833,3,4,0
tech,analyst,3,444.6837928106177,3,2,0
finance,analyst,7,203.10410165149153,4,6,0
retail,manager,4,460.13194521291035,4,1,0
retail,director,4,263.06803375314416,3,2,0
retail,director,8,25.808992095981306,0,8,1
retail,analyst,5,435.28485770064634,2,3,0
retail,director,2,21.706532530430458,4,3,0
tech,manager,6,195.42986632480842,4,2,1
retail,analyst,7,56.749190932430416,4,4,0
retail,manager,4,418.7036913161919,1,2,0
retail,manager,4,727.7352243898305,0,8,1
retail,director,6,242.3157733393126,0,2,0
finance,analyst,1,224.69140302739444,0,1,0
tech,analyst,5,433.13026150269343,0,4,0
retail,director,2,1.5275261944727407,0,5,0
retail,manager,5,749.4290917466491,3,0,0
retail,manager,7,65.98789400582649,4,5,0
tech,manager,0,1242.787361283873,3,9,0
finance,manager,5,399.8305688623091,1,2,0
tech,analyst,5,446.4996511930057,2,3,1
finance,analyst,4,320.3111564963384,4,5,0
retail,director,3,191.40638617893552,1,7,1
retail,director,3,254.32877585947108,3,8,0
tech,analyst,4,14.254202735300266,2,5,1
tech,analyst,2,293.41753611279944,1,6,0
finance,manager,3,295.1285462261161,2,4,0
finance,manager,0,665.4753820943704,1,8,0
tech,director,1,211.35731127064983,3,3,1
finance,analyst,3,24.08474250259785,2,9,0
tech,director,2,109.66969935040994,1,5,0
finance,analyst,3,319.81107333126994,3,4,0
tech,manager,5,82.03864208738221,4,0,1
tech,director,2,98.77122651635612,3,4,0
tech,director,5,515.2222425438868,3,4,0
finance,analyst,4,263.35167006076426,4,8,0
finance,manager,2,213.10474599291032,3,0,0
finance,director,4,115.01656462591104,4,4,1
tech,manager,5,393.8329232238172,4,6,1
finance,director,3,101.78459656974509,4,5,0
finance,manager,3,400.75283637843603,1,5,0
tech,analyst,2,21.803945206752402,2,6,1
retail,director,3,599.7266367428612,1,5,0
tech,director,4,207.68414490080033,4,4,1
finance,manager,2,173.14733465900747,2,9,0
tech,manager,5,283.27083632616524,2,4,0
retail,director,1,293.60312948471363,4,8,0
tech,analyst,5,42.481227454189515,2,7,0
finance,manager,3,423.4634542618224,2,9,1
retail,manager,4,96.85945665587506,1,3,0
finance,manager,3,706.0431619488251,2,3,1
retail,director,6,510.87851930066387,4,9,0
retail,director,1,127.51644048735473,0,4,1
tech,director,4,494.67089402496754,0,2,0
tech,director,6,132.1989306492413,0,7,1
finance,analyst,1,31.92421500777549,4,6,0
tech,analyst,6,980.1697048867888,0,4,1
tech,director,4,317.1852678127168,1,9,0
retail,analyst,3,182.6967006864286,4,2,0
tech,manager,3,152.1364236166402,4,4,1
retail,manager,3,117.78184245799976,4,2,0
retail,manager,5,1196.1467615602332,2,9,0
retail,director,2,43.420090706048214,2,4,0
finance,manager,4,113.41556870678114,2,0,0
finance,analyst,7,199.36654118708904,3,5,0
finance,director,3,195.02604586692402,1,9,0
retail,analyst,1,191.237962311642,4,3,0
finance,manager,5,57.99672721612011,4,3,0
finance,manager,2,46.97246924929529,2,7,0
tech,manager,6,88.21774337815908,4,1,1
finance,director,2,737.8634526767281,4,3,0
finance,analyst,3,35.99100424959557,0,1,0
retail,director,7,424.93342926624524,4,0,0
retail,director,3,425.0859443496239,3,9,0
retail,manager,7,497.8570607427631,2,2,0
retail,director,2,653.0911452675264,1,7,0
retail,director,4,91.56494267022536,1,5,0
retail,manager,3,76.2971953116806,0,6,0
finance,director,3,187.93024503641155,1,1,0
retail,manager,5,92.40183154767269,1,5,1
retail,manager,5,397.6275065674474,2,7,0
tech,manager,6,303.13062814753175,2,7,0
finance,manager,2,623.8029152854257,3,3,0
finance,director,7,25.90873923314756,0,5,1
finance,manager,5,739.8254687516322,1,4,1
retail,manager,4,104.16535251979415,3,8,1
retail,director,1,202.412083049387,0,7,0
retail,director,8,173.20259569699186,1,1,0
tech,analyst,1,428.5247237251125,1,6,0
retail,director,5,163.59060361884013,2,6,1
tech,director,0,862.3367143390979,4,0,1
finance,analyst,5,698.4751426851608,0,0,0
retail,director,5,617.095442409097,1,3,0
tech,director,2,22.177396465865925,0,4,0
tech,director,3,577.775329834332,3,3,0
retail,director,3,456.47680328046056,3,6,0
finance,analyst,6,32.78142832975873,4,2,0
finance,director,11,34.089832807940475,1,6,0
finance,director,3,31.996342911720134,2,7,0
tech,analyst,3,3.419188901856492,1,5,0
tech,manager,4,238.64322444487493,0,5,0
tech,analyst,3,1087.9888435655607,3,7,0
tech,manager,4,173.24175132624825,0,7,0
finance,analyst,8,233.4530670313155,4,6,1
retail,analyst,2,1032.3227911172216,3,5,1
tech,director,2,88.38470787124106,2,5,0
tech,manager,3,586.5736065018962,3,9,0
finance,director,1,237.1555532826846,1,5,0
retail,manager,3,252.82602089220973,1,7,0
retail,analyst,3,126.10077550753954,3,0,1
finance,analyst,5,247.3763613022961,4,4,1
finance,manager,4,22.786637142533017,1,2,0
retail,director,4,433.996260481192,1,7,1
tech,director,5,100.51084034150884,2,5,1
retail,director,2,655.7296350259868,3,1,1
finance,director,4,137.58890100794304,1,6,0
tech,analyst,7,46.23364284135458,4,6,0
tech,analyst,1,357.1014286306583,0,4,0
finance,analyst,3,53.945539739369934,3,7,0
finance,analyst,4,420.33776050461574,2,4,0
finance,analyst,2,1033.6598787534172,1,0,1
retail,director,1,453.6292141869272,4,8,0
retail,director,6,6.811520612114928,3,3,1
tech,director,2,274.801572828596,4,1,0
finance,director,2,356.6372615595846,4,3,0
tech,analyst,1,523.677523560332,2,8,1
tech,analyst,2,17.28946762487562,3,1,0
tech,analyst,3,196.24015510671776,1,3,0
tech,manager,2,229.95473015814994,2,1,1
finance,director,6,55.58272539172205,1,4,1
tech,director,6,116.78149420928719,0,2,0
finance,analyst,3,174.06435402027924,4,9,1
finance,director,5,537.3053616078171,0,1,0
retail,director,2,795.2496925077293,4,8,1
finance,analyst,3,296.9996124138169,2,4,1
retail,manager,4,150.73086703138688,1,9,0
finance,manager,4,87.92137753854459,1,4,0
finance,manager,4,1207.4766334325916,2,0,0
finance,analyst,0,1222.7156954430823,3,5,0
retail,director,3,776.9879567412205,0,6,1
retail,analyst,2,462.07032876715346,0,0,0
tech,analyst,5,118.25944053603047,1,8,1
